link,sede_id
https://twitter.com/ArgPortoAlegre,CALEG
https://www.facebook.com/ArgentinaEnPortoAlegre/,CALEG
https://www.instagram.com/argenportoalegre/,CALEG
https://www.facebook.com/Consulado-de-la-Rep%C3%BAblica-Argentina-en-Antofagasta-255728465291743/,CANTO
https://www.facebook.com/profile.php?id=100014152878593,CAREN
https://facebook.com/ArgEnBarcelona,CBARC
https://twitter.com/ARGenBarcelona,CBARC
https://instagram.com/argenbarcelona,CBARC
https://linkedin.com/company/consulado-y-centro-de-promoci%C3%B3n-de-la-republica-argentina-en-barcelona/mycompany/,CBARC
https://www.facebook.com/ArgentinaEnBeloHorizonte/,CBELO
https://twitter.com/consgralbelo,CBELO
https://www.instagram.com/consgralbelo/,CBELO
https://www.facebook.com/ConsuladoArgentinoenBonn,CBONN
https://http://www.instagram.com/consulado.argentino.bonn,CBONN
https://www.facebook.com/ArgentinaEnCadiz,CCADI
https://www.facebook.com/ArgEnCiudaddeleste/,CCEST
https://www.instagram.com/argenciudaddeleste,CCEST
https://twitter.com/argenchicago,CCHIC
https://www.facebook.com/ArgentinaEnChicago,CCHIC
https://www.youtube.com/channel/UCjZ3a6zTr156aP_zg-1lQfQ/featured,CCHIC
https://wwww.facebook.com/ArgentinaEnCochabamba,CCOCH
https://www.facebook.com/ArgentinaenColonia,CCOLO
https://www.facebook.com/ArgEnCuritiba/,CCURI
https://instagram.com/argEncuritiba,CCURI
https://twitter.com/ARGenCuri,CCURI
https://twitter.com/argentinaenfoz,CFDIG
https://www.facebook.com/ArgentinaEnFozDeIguazu,CFDIG
https://www.instagram.com/argentinaenfoz/,CFDIG
https://www.facebook.com/cflor.mrecic.gov.ar,CFLOR
https://www.facebook.com/argenmumbai,CGMUM
https://www.instagram.com/argenmumbai,CGMUM
https://twitter.com/cgmum1,CGMUM
https://www.facebook.com/ArgentinaEnIsrael/,CGTEL
https://www.facebook.com/ArgentinaEnHouston/,CHOUS
https://www.facebook.com/ArgentinaEnLosAngeles/?ref=aymt_homepage_panel,CLANG
https://www.instagram.com/consuladoargentinoenlondres/,CLOND
https://www.facebook.com/ArgentinaEnMadridEsp/,CMADR
https://www.facebook.com/pg/ConsuladoArgentinoenMaldonado/posts/?ref=page_internal,CMALD
https://www.instagram.com/consulado_argentino/,CMALD
https://www.facebook.com/ArgentinaEnPalmaDeMallorca,CMALL
https://www.facebook.com/ArgentinaEnMontevideo/,CMDEO
https://es-la.facebook.com/consuladoargentino.miami/,CMIAM
https://www.facebook.com/ConsuladoArgentinoenMilan,CMILA
https://www.instagram.com/consuladoargentinoenmilan/,CMILA
https://www.youtube.com/channel/UCZdYeN4gttYEyX15xxkUNWQ,CMILA
https://www.facebook.com/ARGenNewYork,CNYOR
https://twitter.com/ARGenNewYork,CNYOR
https://www.instagram.com/argennewyork/,CNYOR
https://www.youtube.com/channel/UCJFygvT8lgEo1PrQqsHqMKg,CNYOR
https://consuladoargentinosp@gmail.com,CPABL
https://www.facebook.com/ArgentinaEnPuertoMontt/,CPMON
https://www.facebook.com/ArgentinaEnBrasilRecife,CRECI
https://www.instagram.com/consuladoargentinorecife,CRECI
https://www.facebook.com/ArgentinaEnRiodeJaneiro/,CRIOJ
https://www.instagram.com/argentinaensalvador,CSBAH
https://www.facebook.com/ArgentinaenSalvador,CSBAH
https://twitter.com/ArgentinaEnSSA,CSBAH
https://www.facebook.com/ArgEnSantaCruz,CSCRS
https://www.facebook.com/ArgentinaEnSidney/,CSIDN
https://www.facebook.com/argentinaentenerife,CTENE
https://www.facebook.com/ArgentinaEnToronto/,CTORO
https://www.instagram.com/consuladoargtoronto/,CTORO
https://www.facebook.com/ArgEnUruguayana/,CURUG
https://twitter.com/CURUGoK,CURUG
https://www.facebook.com/ArgentinaEnValparaiso,CVALP
https://facebook.com/ArgentinaenVigo,CVIGO
https://www.instagram.com/argenvigo/,CVIGO
https://www.facebook.com/ArgEnVillazon,CVILL
https://www.facebook.com/ArgEnAlemania/,EALEM
https://www.facebook.com/ArgentinaEnAngola/,EANGO
https://www.instagram.com/embargentinaenangola/,EANGO
https://www.facebook.com/argentinaenarabiasaudita/,EARAB
https://twitter.com/ensaudita,EARAB
https://www.instagram.com/arginsaudi/,EARAB
https://twitter.com/ARGenArgelia,EARGE
https://instagram.com/argenargelia,EARGE
https://facebook.com/ArgentinaEnArgelia,EARGE
https://www.instagram.com/arginarmenia/,EARME
https://www.facebook.com/ArgentinaEnArmenia,EARME
https://twitter.com/ARGinArmenia,EARME
https://www.facebook.com/Embajada-Argentina-en-Siria-112176794025495,EASIR
https://www.facebook.com/ArgentinaEnAustralia/,EAUST
https://twitter.com/ARGinAustralia,EAUST
https://www.facebook.com/EmbassyOfArgentina/,EAZER
https://www.instagram.com/embargentinaaz,EAZER
https://www.twitter.com/ARGEnAzer,EAZER
https://www.facebook.com/ArgentinaEnBarbados/,EBARB
https://www.facebook.com/ArgentinaEnBelgica/,EBELG
https://www.instagram.com/argenbelgica/,EBELG
https://www.instagram.com/embaargenbrasil,EBRAS
https://twitter.com/ArgentinaEnBras,EBRAS
https://www.facebook.com/embargbrasil,EBRAS
https://www.facebook.com/ArgentinaEnBulgaria/,EBULG
https://www.youtube.com/channel/UCK-uSxN84lEMqJwCviEjZow,EBULG
https://www.facebook.com/ArgentinaInCanada,ECANA
https://www.youtube.com/channel/UC77DGXZ2ppExRtV4WS4IV-A,ECANA
https://twitter.com/ArginCanada,ECANA
https://www.instagram.com/argentinaincanada/,ECANA
https://www.linkedin.com/company/argentinaincanada,ECANA
https://www.facebook.com/ARGanteUE,ECEUR
https://www.linkedin.com/company/arganteue,ECEUR
https://twitter.com/ARGanteUE,ECEUR
https://www.youtube.com/@ARGanteUE,ECEUR
https://www.flickr.com/people/197084220@N02/,ECEUR
https://www.facebook.com/ArgentinaEnRepCheca/,ECHES
https://www.instagram.com/argentinaenpraga,ECHES
https://www.facebook.com/ArgColombia/?ref=bookmarks,ECOLO
https://www.facebook.com/ArgentinaEnCorea/,ECORE
https://www.instagram.com/embajadaargentinaencorea1/?hl=es,ECORE
https://www.facebook.com/ArgentinaEnCubaLaHabana/,ECUBA
https://www.facebook.com/EmbajadadeArgentinaenDinamarca/,EDINA
https://es-la.facebook.com/ArgentinaEnRepublicaDominicana/,EDOMI
https://www.facebook.com/ArgentinaEnEmiratosArabesUnidos,EEARB
https://www.facebook.com/Argentina-en-Ecuador-772092829594964/?ref=bookmarks,EECUA
https://instagram.com/argentinaenecuador?igshid=1pzlw4ojakxjh,EECUA
https://www.youtube.com/channel/UC7FnoaJNif8jQLyBb4QDKng,EECUA
https://twitter.com/ARGinUSA,EEEUU
https://www.facebook.com/ARGinUSA/,EEEUU
https://www.instagram.com/ARGinUSA/,EEEUU
https://www.flickr.com/photos/ARGinUSA/,EEEUU
https://www.youtube.com/ARGinUSA,EEEUU
https://www.linkedin.com/in/ARGinUSA,EEEUU
https://instagram.com/argenegipto/,EEGIP
https://twitter.com/ARGenEgipto,EEGIP
https://facebook.com/ArgentinaenEgipto,EEGIP
https://www.facebook.com/ARGenOEA/,EEOEA
https://www.instagram.com/argenoea/,EEOEA
https://www.twitter.com/ARGenOEA,EEOEA
https://www.youtube.com/channel/UCqjmCa0UfL3_I3Ovqz5ZAag/featured,EEOEA
https://twitter.com/ARGenesp,EESPA
https://www.facebook.com/argenespa/,EESPA
https://www.instagram.com/argenespa/,EESPA
https://www.facebook.com/ArgEnEtiopia/,EETIO
https://www.instagram.com/embaargenetiopia/,EETIO
https://www.facebook.com/ArgentinaEnFilipinas,EFILI
https://www.instagram.com/argentinaenfilipinas/,EFILI
https://twitter.com/ArgentinaEnFili,EFILI
https://www.facebook.com/ArgentinaEnFinlandia/,EFINL
https://www.instagram.com/argenfinlandia/,EFINL
https://www.facebook.com/ArgentinaEnFrancia/,EFRAN
https://www.facebook.com/EMBAJADAARGENTINAENMOSCU,EFRUS
https://twitter.com/EmbArgRusia,EFRUS
https://www.facebook.com/ArgentinaEnGrecia,EGREC
https://www.youtube.com/channel/UCFaKsErEs33zEdzJbnrzOog/featured,EGREC
https://twitter.com/EmbArgEnChile,EHILE
https://www.facebook.com/EmbArgentinaEnChile,EHILE
https://www.instagram.com/embargenchile/,EHILE
https://twitter.com/ArgentinaEnInd,EINDI
https://www.facebook.com/ArgentinaEnInd,EINDI
https://www.instagram.com/argentinaenind/,EINDI
https://www.facebook.com/ArgentinaEnIrlanda/,EIRLA
https://www.instagram.com/embajadaargentinairlanda,EIRLA
https://www.facebook.com/ArgEnIsrael,EISRA
https://twitter.com/argenisrael,EISRA
https://es-la.facebook.com/emb.roma/,EITAL
https://twitter.com/arginitalia?lang=es,EITAL
https://www.instagram.com/arginitalia/?hl=es,EITAL
https://www.facebook.com/ArgentinaEnJamaica/,EJAMA
https://twitter.com/ARGenJamaica,EJAMA
https://www.facebook.com/ArgJapon/?ref=bookmarks,EJAPO
https://www.facebook.com/ArgentinaEnKenia,EKENY
https://www.instagram.com/argenkenya/,EKENY
https://www.facebook.com/ArgentinaenKuwait,EKUWA
https://www.facebook.com/ArgentinaEnLibano,ELBNO
https://www.instagram.com/marruecos.embajada/,EMARR
https://twitter.com/ArgMarruecos,EMARR
https://twitter.com/@ARGenMexico,EMEXI
https://www.facebook.com/ARGenMexico/,EMEXI
https://www.instagram.com/embargenmexico/,EMEXI
https://www.youtube.com/user/EmbaArgenMX,EMEXI
https://www.facebook.com/ArgentinaEnMozambique/,EMOZA
https://www.facebook.com/ArgentinaEnMalasia,EMSIA
https://www.facebook.com/ArgentinaEnNigeria/,ENIGE
https://www.instagram.com/embargennigeria/?igshid=f0laoeu8lhv8,ENIGE
https://www.facebook.com/ArgentinaEnNoruega/,ENORU
https://www.instagram.com/ARGenNoruega/,ENORU
https://www.facebook.com/ArgentinaEnGinebra,EOIRS
https://www.instagram.com/misionargentinaonu,EOIRS
https://twitter.com/ArgentinaONUOMC,EOIRS
https://www.youtube.com/channel/UCSOsChik8j7nFJZnPq6K7Ag,EOIRS
https://twitter.com/EmbajadadeArge1,EPAKI
https://twitter.com/argenparaguay_,EPARA
https://www.facebook.com/embajada.paraguay,EPARA
https://www.facebook.com/ArgEnPaisesBajos/,EPBAJ
https://twitter.com/ArgentinaEnPB,EPBAJ
https://twitter.com/Emb_Arg_Peru,EPERU
https://www.facebook.com/ArgentinaEnPeru,EPERU
https://www.facebook.com/Embajada-de-la-Rep%C3%BAblica-Argentina-en-Polonia-1726942037398853/,EPOLO
https://www.facebook.com/argentinaencostarica/,ERICA
https://www.facebook.com/ArgentinaEnRumania,ERUMA
https://www.instagram.com/argentinaenrumania,ERUMA
https://twitter.com/ARGinUK,ERUNI
https://www.facebook.com/ARGinUK/,ERUNI
https://www.flickr.com/photos/138300767@N07/albums,ERUNI
https://www.instagram.com/arginuk/,ERUNI
https://www.youtube.com/channel/UCzaGU10f-77SR56kini9-1g/videos?view_as=subscriber,ERUNI
https://facebook.com/ArgenSudafrica,ESAFR
https://twitter.com/EmbArgentina,ESAFR
https://www.instagram.com/argentinaensudafrica,ESAFR
https://twitter.com/ARGenElSalvador,ESALV
https://www.facebook.com/ArgentinaEnElSalvador/,ESALV
https://www.instagram.com/embargenelsalvador/,ESALV
https://twitter.com/ARGinSingapore,ESING
https://instagram.com/argentine_embassy_singapore?igshid=YmMyMTA2M2Y=,ESING
https://twitter.com/ArgSantaSede,ESSED
https://www.youtube.com/c/EmbajadaArgentinaantelaSantaSede,ESSED
https://www.facebook.com/ArgEnSantaSede,ESSED
https://www.instagram.com/argensantasede/,ESSED
https://se.linkedin.com/showcase/arginsweden,ESUEC
https://www.facebook.com/arginsweden/,ESUEC
https://www.instagram.com/arginsweden/,ESUEC
https://www.facebook.com/ArgEnTailandiaBangkok/?tn-str=k*F,ETAIL
https://www.facebook.com/ArgentinaEnAustria/,ETRIA
https://twitter.com/ARGenViena,ETRIA
https://www.instagram.com/argenviena/,ETRIA
https://www.facebook.com/ArgentinaEnTrinidadYTobago,ETRIN
https://www.facebook.com/ArgEnTunez/,ETUNE
https://www.twitter.com/EmbajadaTunez,ETUNE
https://www.instagram.com/embargentinatn,ETUNE
https://www.youtube.com/channel/UC8kSZug1SPHrp3r1hGzhjtg,ETUNE
https://www.facebook.com/ArgentinaEnUcrania,EUCRA
https://www.instagram.com/argenucrania/,EUCRA
https://twitter.com/ArgentinaUNESCO,EUNES
https://www.facebook.com/delegation.argentine/,EUNES
https://www.facebook.com/ArgentinaEnHungria,EUNGR
https://twitter.com/ArgentinaEnUru,EURUG
https://www.facebook.com/ArgentinaEnUru/,EURUG
https://www.instagram.com/argentinaenuru/,EURUG
https://twitter.com/argenvenezuela?lang=es,EVENE
https://www.facebook.com/EmbajadaArgentinaEnVenezuela,EVENE
https://www.instagram.com/argenvenezuela/,EVENE
https://www.facebook.com/ArgentinaEnVietnam/,EVIET
https://www.instagram.com/argenvietnam/,EVIET
https://www.facebook.com/ArgEnPalestina,REPAL
